#{"t_start": 1578854569.4554915, "env_id": "multi-channel-DCA-v0"}
r,l,t,block_prob,timestamp
9452,61826,305.431384,0.898438390516357,2013-11-01 01:00:00
