#{"t_start": 1583737504.542353, "env_id": "multi-channel-DCA-v0"}
r,l,t,block_prob,timestamp
13975,20707,336.835827,0.3784992784992785,2013-11-01 00:50:00
