#{"t_start": 1578854570.365741, "env_id": "multi-channel-DCA-v0"}
r,l,t,block_prob,timestamp
9395,60765,302.301037,0.9000313461757665,2013-11-01 01:00:00
