#{"t_start": 1583737505.5569277, "env_id": "multi-channel-DCA-v0"}
r,l,t,block_prob,timestamp
14305,20707,335.82311,0.37272727272727274,2013-11-01 00:50:00
