#{"t_start": 1588833449.3379908, "env_id": "multi-channel-DCA-v0"}
r,l,t,temp_blockprob,temp_total_blockprob,timestamp
65,849,19.672328,0.4617196702002356,0.6790730337078652,Fri Nov  1 00:20:00 2013
263,823,22.564212,0.3402187120291616,0.6290983606557377,Fri Nov  1 00:30:00 2013
