#{"t_start": 1578854571.2721326, "env_id": "multi-channel-DCA-v0"}
r,l,t,block_prob,timestamp
12361,59767,299.449412,0.897227288270831,2013-11-01 01:00:00
