#{"t_start": 1588833450.238729, "env_id": "multi-channel-DCA-v0"}
r,l,t,temp_blockprob,temp_total_blockprob,timestamp
59,879,18.8783,0.4664391353811149,0.6697183098591549,Fri Nov  1 00:20:00 2013
285,949,22.211769,0.3498419388830348,0.5847913862718708,Fri Nov  1 00:30:00 2013
