#{"t_start": 1583737506.568271, "env_id": "multi-channel-DCA-v0"}
r,l,t,block_prob,timestamp
14025,20707,334.812535,0.38066378066378065,2013-11-01 00:50:00
