#{"t_start": 1578854572.1822088, "env_id": "multi-channel-DCA-v0"}
r,l,t,block_prob,timestamp
8931,61825,302.702268,0.8991821497777271,2013-11-01 01:00:00
