#{"t_start": 1583737507.5783384, "env_id": "multi-channel-DCA-v0"}
r,l,t,block_prob,timestamp
13779,20707,333.803219,0.3821067821067821,2013-11-01 00:50:00
