#{"t_start": 1588833451.1679964, "env_id": "multi-channel-DCA-v0"}
r,l,t,temp_blockprob,temp_total_blockprob,timestamp
298,806,17.691034,0.315136476426799,0.6093418259023354,Fri Nov  1 00:20:00 2013
188,962,21.074707,0.4022869022869023,0.6140939597315436,Fri Nov  1 00:30:00 2013
