#{"t_start": 1575953406.0303347, "env_id": "multi-channel-DCA-v0"}
r,l,t,block_prob
-91,500,3.115465,0.7777777777777778
-88,500,4.267135,0.7543859649122807
-86,500,5.383514,0.7575757575757576
-83,500,6.415785,0.75
-87,500,7.443236,0.75
-89,500,8.483103,0.7650602409638554
-89,500,9.564592,0.7528735632183908
